State,State-Code,District,female_school_attendance,female_literacy,women_10yr_schooling,child_marriage,hh_electricity,improved_water,improved_sanitation,clean_fuel,health_insurance,anc_first_trimester,anc_4plus_visits,ifa_100days,postnatal_care_2days,oop_expenditure_delivery,institutional_births,institutional_births_public,skilled_birth_attendance,csection_rate,child_stunting,child_underweight,women_anaemic
Andaman and Nicobar Island,AN,Nicobar,78.0,87.5,53.5,11.4,97.9,98.8,83.5,56.9,2.7,62.8,71.7,72.6,85.1,2278.0,97.8,96.7,98.6,11.5,21.6,24.6,38.3
Andaman and Nicobar Island,AN,North & Middle Andaman,82.7,84.0,41.0,15.4,93.2,92.2,86.4,61.3,2.1,74.5,79.2,83.7,92.5,1904.0,97.7,95.0,98.3,12.9,27.0,42.8,62.1
Andaman and Nicobar Island,AN,South Andaman,84.7,86.7,57.5,17.1,99.6,97.9,89.3,91.9,1.2,79.4,85.9,81.0,88.1,3460.0,99.5,83.8,96.9,37.1,21.1,17.4,57.7
Andhra Pradesh,AP,Anantapur,59.5,63.6,31.3,37.3,99.6,98.8,71.3,86.4,73.2,80.3,66.6,72.0,89.1,2682.0,94.7,60.3,98.3,22.2,36.0,40.6,50.5
Andhra Pradesh,AP,Chittoor,65.6,69.3,40.3,28.1,99.7,98.5,74.6,86.6,70.7,80.3,65.3,71.7,93.8,2533.0,97.1,66.5,97.6,26.4,27.1,27.9,51.8
Andhra Pradesh,AP,East Godavari,75.4,77.9,43.2,26.0,98.8,97.9,77.7,80.3,66.4,76.3,51.0,62.7,91.9,8159.0,96.6,46.0,89.9,52.2,23.1,22.4,63.0
Andhra Pradesh,AP,Guntur,64.9,68.5,32.6,35.4,99.2,99.3,83.4,91.7,71.1,89.4,62.5,75.1,94.0,3912.0,98.6,49.6,95.5,53.8,23.8,26.9,59.5
Andhra Pradesh,AP,Krishna,74.0,76.9,46.2,25.3,99.6,94.4,79.1,89.8,68.1,81.5,73.3,56.2,88.3,3715.0,98.9,40.1,98.0,66.1,29.8,21.1,60.3
Andhra Pradesh,AP,Kurnool,55.2,57.0,33.4,36.9,99.9,97.9,73.5,78.1,73.3,78.6,74.3,69.8,87.8,2094.0,88.5,51.1,90.6,32.9,50.5,46.3,58.6
Andhra Pradesh,AP,Prakasam,58.1,62.8,34.5,37.3,99.3,98.6,78.4,90.8,67.6,84.7,73.4,69.0,90.1,,97.4,18.1,97.9,54.2,22.6,24.7,60.4
Andhra Pradesh,AP,Sri Potti Sriramulu Nellore,67.9,70.5,38.7,23.8,99.1,95.6,81.8,84.6,72.3,89.0,73.0,76.1,95.5,1104.0,97.0,34.9,100.0,42.3,29.2,27.8,59.4
Andhra Pradesh,AP,Srikakulam,60.0,64.3,42.5,25.4,99.9,87.7,71.6,74.7,75.6,79.7,78.4,67.5,90.8,3479.0,97.9,52.2,96.4,57.0,19.7,21.4,62.6
Andhra Pradesh,AP,Visakhapatnam,66.8,69.5,46.0,25.4,99.6,91.8,77.8,72.9,64.9,79.4,58.6,75.0,84.8,2200.0,95.3,69.3,94.4,26.5,31.0,33.5,58.0
Andhra Pradesh,AP,Vizianagaram,56.0,58.3,37.6,33.7,99.5,93.1,61.7,60.3,76.7,76.1,71.4,59.6,83.9,1931.0,99.0,70.6,97.6,41.3,36.4,32.2,64.0
Andhra Pradesh,AP,West Godavari,75.4,77.0,46.5,22.1,99.3,99.1,80.8,86.8,67.6,82.2,62.7,82.8,94.8,2318.0,98.7,48.8,98.5,55.7,31.4,22.5,63.0
Andhra Pradesh,AP,Y.S.R.,61.9,63.8,40.0,25.6,99.8,99.9,85.4,94.3,73.3,84.4,82.8,71.2,92.3,3389.0,99.4,40.7,100.0,36.2,34.4,26.7,56.1
Assam,AS,Baksa,74.1,74.8,27.8,24.9,98.1,89.8,68.9,35.2,69.0,61.1,56.0,56.2,65.0,7312.0,89.9,82.2,92.1,17.6,41.2,34.0,73.6
Assam,AS,Barpeta,75.4,74.8,31.7,40.1,88.9,98.1,63.7,38.7,58.9,62.2,43.6,49.4,70.5,4829.0,87.6,82.3,87.6,12.7,29.8,26.2,64.8
Assam,AS,Biswanath,72.1,69.2,23.0,25.3,91.1,76.2,76.6,35.0,68.4,41.2,46.5,63.7,56.5,3676.0,84.3,74.0,84.6,15.3,42.7,41.0,64.4
Assam,AS,Bongaigaon,77.0,75.8,28.6,41.7,97.0,95.3,72.5,49.8,57.6,65.1,33.9,46.7,57.0,4778.0,84.5,74.9,89.1,15.2,46.2,35.3,70.6
Assam,AS,Cachar,80.5,77.2,25.8,29.9,81.7,43.8,57.6,43.0,57.9,52.0,32.7,35.6,57.3,3799.0,79.2,74.9,80.2,12.5,28.7,38.2,57.4
Assam,AS,Charaideo,75.0,71.9,26.2,22.6,91.7,96.4,75.9,27.3,64.9,74.1,64.5,51.7,70.5,4858.0,88.2,76.7,90.5,20.0,39.0,34.8,72.3
Assam,AS,Chirang,71.5,71.5,23.0,30.9,97.8,92.1,77.1,44.5,61.5,55.9,56.5,47.1,59.7,5052.0,83.7,71.1,82.9,15.3,42.7,39.7,65.2
Assam,AS,Darrang,75.2,75.6,27.5,42.8,89.5,99.7,67.9,30.1,53.7,56.5,37.5,43.3,53.2,7001.0,84.4,81.1,87.0,10.8,42.0,33.1,70.4
Assam,AS,Dhemaji,77.3,81.5,43.6,32.0,95.0,95.3,70.8,21.6,66.8,76.2,62.2,45.3,72.8,5168.0,87.3,84.1,91.5,16.1,37.2,25.7,62.9
Assam,AS,Dhubri,71.8,69.5,20.4,50.8,92.5,96.7,61.8,40.7,59.4,49.9,37.6,47.6,48.4,4691.0,64.2,61.8,68.9,6.9,48.5,37.8,63.2
Assam,AS,Dibrugarh,79.5,76.6,33.7,23.0,94.4,98.1,75.3,44.7,58.8,75.8,75.6,58.9,82.1,5125.0,93.1,71.6,95.3,27.7,27.3,32.0,70.8
Assam,AS,Dima Hasao,85.1,87.7,42.4,16.5,95.9,50.2,83.8,48.2,61.9,58.9,46.9,40.8,73.8,4825.0,89.5,84.6,91.9,19.7,30.6,21.7,60.5
Assam,AS,Goalpara,78.5,74.1,23.4,41.8,89.6,90.7,75.3,36.3,71.1,65.3,44.1,52.2,73.5,4407.0,92.3,87.2,94.2,16.2,38.9,35.4,64.9
Assam,AS,Golaghat,77.6,75.1,27.9,20.7,96.4,93.7,73.1,33.1,69.3,76.1,65.7,63.7,73.5,5186.0,90.4,81.4,92.1,22.6,26.3,25.5,77.2
Assam,AS,Hailakandi,81.5,82.2,25.3,32.9,91.2,41.2,60.0,35.2,53.6,77.6,43.1,29.0,68.8,5090.0,83.0,75.1,84.8,12.8,42.9,42.4,61.4
Assam,AS,Hojai,79.1,83.2,23.1,30.9,96.3,99.9,63.1,52.0,67.4,52.7,51.3,50.5,63.9,5299.0,82.1,59.4,83.5,18.4,39.3,28.4,56.3
Assam,AS,Jorhat,84.4,85.1,42.9,24.9,95.1,85.9,80.4,48.3,60.1,78.3,67.0,52.1,81.4,8435.0,96.5,74.9,97.4,44.4,38.7,33.2,71.8
Assam,AS,Kamrup,79.4,79.6,39.2,21.9,94.8,92.1,68.7,57.4,47.0,57.0,46.9,42.5,61.4,8654.0,85.0,69.8,88.5,32.8,22.6,19.7,71.5
Assam,AS,Kamrup Metropolitan,87.5,86.0,49.1,21.9,99.2,87.2,65.2,85.1,45.5,77.6,68.9,51.7,75.6,8275.0,89.1,55.7,90.1,38.0,25.4,25.0,74.6
Assam,AS,Karbi Anglong,76.4,78.8,30.3,26.1,97.0,79.6,75.2,33.4,54.1,64.8,63.9,35.3,56.9,6822.0,74.9,69.2,78.3,15.2,31.6,28.2,59.0
Assam,AS,Karimganj,82.1,80.7,19.6,27.7,87.1,62.3,61.5,39.6,64.4,54.8,42.8,39.9,63.9,4287.0,76.4,69.8,78.3,7.0,29.1,52.9,52.0
Assam,AS,Kokrajhar,75.2,73.7,27.5,36.2,93.9,87.3,72.2,43.3,50.2,67.0,36.9,61.1,68.3,3780.0,81.9,76.8,82.0,12.0,34.6,35.2,59.5
Assam,AS,Lakhimpur,83.2,83.9,42.1,36.3,97.2,81.2,74.2,36.1,67.0,61.0,51.7,42.2,67.7,5098.0,96.2,91.6,96.8,22.7,38.5,34.4,65.4
Assam,AS,Majuli,78.4,83.4,41.7,25.5,93.5,98.6,65.6,19.3,60.8,76.1,72.2,56.7,73.5,6227.0,90.3,85.8,93.5,22.5,35.4,22.2,67.8
Assam,AS,Morigaon,79.1,78.7,24.5,39.1,89.5,94.6,62.3,37.6,62.5,64.0,42.0,53.4,67.9,4379.0,88.3,82.8,90.0,12.3,43.2,30.5,64.2
Assam,AS,Nagaon,81.3,78.4,22.1,42.6,94.5,96.1,66.1,38.6,59.4,73.1,59.4,46.5,62.0,5670.0,83.7,73.4,86.7,17.9,38.9,32.4,61.0
Assam,AS,Nalbari,81.8,83.9,41.6,28.1,94.7,99.5,68.1,51.1,52.5,70.7,55.9,38.6,73.8,6478.0,91.8,69.2,91.4,38.7,27.5,26.7,66.4
Assam,AS,Sivasagar,87.1,86.6,47.1,27.9,97.0,92.7,82.3,45.5,60.7,85.1,80.9,53.7,73.8,5466.0,95.3,76.2,95.6,30.0,26.1,25.9,67.6
Assam,AS,Sonitpur,74.9,76.9,24.3,24.0,88.2,82.9,72.2,45.8,66.9,48.8,45.5,56.4,63.5,5123.0,83.5,73.1,82.8,21.1,36.7,21.9,63.6
Assam,AS,South Salmara Mancachar,69.4,63.5,20.9,44.7,79.5,98.2,59.0,28.5,68.2,60.1,35.3,47.4,62.6,3092.0,71.7,69.9,79.4,5.0,38.9,27.9,57.1
Assam,AS,Tinsukia,72.6,70.5,25.6,19.8,95.7,96.8,66.7,40.9,60.0,70.7,63.1,43.8,73.6,5163.0,82.6,66.2,83.2,26.5,32.8,32.2,72.8
Assam,AS,Udalguri,70.6,70.0,23.8,32.0,95.5,82.3,73.8,34.0,70.6,50.1,49.8,44.2,53.1,6731.0,86.2,78.5,87.9,14.4,33.8,32.5,81.5
Assam,AS,West Karbi Anglong,73.8,73.9,21.7,21.3,94.7,44.7,76.7,17.7,63.1,55.5,46.7,39.9,55.7,3597.0,72.5,68.9,84.5,6.4,40.9,31.1,57.9
Bihar,BR,Araria,53.0,43.7,16.8,52.0,96.2,100.0,32.2,15.2,19.5,41.6,25.8,17.6,46.4,3606.0,66.2,51.5,70.3,9.2,49.9,47.8,67.9
Bihar,BR,Arwal,62.6,62.5,32.9,37.5,97.4,99.9,43.4,29.3,15.6,57.4,34.5,17.2,70.1,1933.0,79.2,58.6,83.1,12.7,45.6,52.9,66.9
Bihar,BR,Aurangabad,65.0,67.6,36.9,27.3,97.7,100.0,47.1,38.9,15.4,53.6,29.3,20.3,71.5,1804.0,77.5,61.9,84.6,10.2,41.2,48.7,60.5
Bihar,BR,Banka,59.3,55.7,22.6,49.4,96.2,96.3,38.2,32.3,13.6,70.7,31.7,24.5,72.3,8076.0,79.8,68.0,80.4,7.5,46.7,45.8,65.9
Bihar,BR,Begusarai,65.0,62.3,34.1,49.5,96.2,99.1,62.2,45.2,13.2,46.5,21.6,21.4,58.6,1710.0,86.0,63.6,85.6,6.3,37.8,35.6,62.9
Bihar,BR,Bhagalpur,65.1,65.6,35.1,42.4,94.5,98.0,60.9,49.2,16.3,53.3,27.6,28.0,54.0,2975.0,77.2,52.1,77.5,11.5,40.0,40.4,73.0
Bihar,BR,Bhojpur,67.9,64.1,34.6,31.2,97.9,99.7,45.9,42.9,9.6,42.7,33.5,15.5,56.1,2214.0,86.9,61.8,87.5,12.6,40.7,44.0,73.6
Bihar,BR,Buxar,64.8,68.1,33.3,30.8,98.5,99.8,52.4,44.7,11.4,61.5,27.4,21.1,66.9,1686.0,89.5,50.9,90.6,7.7,39.6,45.3,66.2
Bihar,BR,Darbhanga,54.9,49.4,22.7,45.1,97.2,99.8,48.7,41.6,25.3,51.8,24.9,22.0,50.5,3230.0,69.9,55.8,75.9,10.6,45.4,39.2,60.8
Bihar,BR,Gaya,59.6,59.4,30.7,42.8,97.9,99.2,44.4,34.7,9.7,63.2,25.1,18.9,72.5,1927.0,76.6,49.1,77.7,14.4,47.4,43.5,64.3
Bihar,BR,Gopalganj,63.3,63.3,32.9,28.0,96.2,99.9,60.1,39.4,12.7,53.2,27.9,23.6,53.9,2559.0,85.9,60.3,88.0,9.1,34.2,29.2,53.8
Bihar,BR,Jamui,53.1,48.7,20.6,51.9,97.9,90.5,37.6,40.2,14.3,73.8,37.9,27.8,66.7,5290.0,73.4,53.3,72.7,7.5,43.0,37.5,75.2
Bihar,BR,Jehanabad,61.7,63.2,30.5,41.6,99.3,99.8,45.5,34.3,13.2,58.4,17.4,24.2,77.7,1512.0,89.1,61.6,88.3,20.3,41.3,51.7,68.1
Bihar,BR,Kaimur (Bhabua),62.3,66.0,29.5,27.1,96.7,98.0,59.1,29.0,18.1,62.4,25.6,11.2,81.6,1671.0,83.3,63.2,86.0,7.4,44.1,47.2,70.3
Bihar,BR,Katihar,57.5,49.7,19.8,49.4,92.0,99.2,44.6,16.9,8.4,40.9,15.3,16.2,41.7,2333.0,66.9,59.9,73.8,4.0,43.9,48.1,68.4
Bihar,BR,Khagaria,60.6,51.8,26.6,44.9,94.5,98.8,65.0,33.2,15.6,44.6,17.4,15.8,54.2,4327.0,74.2,64.0,82.3,4.4,34.8,36.4,59.5
Bihar,BR,Kishanganj,56.0,48.0,15.0,36.6,95.8,100.0,52.4,15.3,8.1,37.6,17.1,17.5,40.7,4174.0,54.6,41.5,64.9,12.1,38.8,41.1,65.1
Bihar,BR,Lakhisarai,61.2,57.9,30.0,56.1,98.0,96.6,51.6,42.6,15.1,66.1,28.0,21.1,66.7,9523.0,75.8,58.4,76.2,9.3,42.7,45.1,72.6
Bihar,BR,Madhepura,58.0,47.6,23.2,52.0,97.0,99.3,34.6,13.4,9.5,53.8,20.9,14.9,49.5,982.0,75.0,68.8,77.1,3.0,46.3,43.5,65.7
Bihar,BR,Madhubani,55.6,53.2,26.5,39.2,98.6,100.0,38.2,40.0,19.2,67.5,34.9,16.2,58.9,2426.0,73.7,52.4,78.5,13.2,43.3,36.0,61.4
Bihar,BR,Munger,69.5,69.5,44.4,34.7,98.4,97.7,62.8,59.4,15.2,68.7,36.8,33.0,80.7,2461.0,93.2,60.0,92.3,21.8,35.5,39.5,71.4
Bihar,BR,Muzaffarpur,65.1,63.0,33.8,32.9,96.6,99.9,55.2,41.5,13.2,55.9,28.2,13.7,55.9,3663.0,72.5,51.3,78.2,10.5,42.6,34.7,58.9
Bihar,BR,Nalanda,59.6,56.1,28.8,42.0,98.9,98.9,52.5,41.0,12.8,64.7,29.3,16.4,77.5,2628.0,80.3,53.9,85.1,17.1,42.6,46.7,71.0
Bihar,BR,Nawada,61.4,62.1,37.3,43.3,97.4,99.3,47.9,40.7,8.1,69.5,31.6,17.5,74.1,2858.0,79.9,51.5,79.5,12.4,49.4,37.3,70.4
Bihar,BR,Pashchim Champaran,59.8,52.5,21.6,39.1,93.5,99.7,43.3,31.4,20.0,55.0,25.4,9.9,57.3,1882.0,79.5,60.6,78.4,6.4,43.5,30.3,50.6
Bihar,BR,Patna,69.5,67.6,43.6,26.6,99.0,98.8,61.0,64.6,10.2,51.7,17.9,20.7,59.0,2863.0,89.1,51.0,81.4,22.0,34.5,39.6,67.1
Bihar,BR,Purba Champaran,58.2,50.2,20.1,49.2,94.8,99.9,48.3,44.2,19.4,45.4,21.7,18.4,43.7,2811.0,61.5,43.0,67.4,5.4,49.1,37.9,57.3
Bihar,BR,Purnia,53.6,47.5,19.2,51.2,92.4,99.6,35.6,19.3,10.2,26.3,11.1,12.7,41.0,4083.0,68.9,55.7,74.2,7.1,43.5,47.1,66.0
Bihar,BR,Rohtas,70.5,76.5,42.6,30.3,98.5,99.6,69.0,47.4,17.2,64.9,34.2,17.4,85.0,1621.0,89.1,51.7,91.3,14.1,40.0,48.2,64.9
Bihar,BR,Saharsa,50.2,43.1,20.9,51.0,97.2,100.0,40.5,25.2,12.8,34.8,11.7,12.1,38.5,2273.0,70.4,62.0,72.9,6.1,47.8,42.7,65.3
Bihar,BR,Samastipur,60.9,54.3,26.5,49.8,95.7,98.6,48.8,36.1,19.0,53.4,23.5,20.8,52.1,2268.0,83.4,71.9,83.7,6.2,44.0,42.8,60.5
Bihar,BR,Saran,64.8,65.6,35.5,26.2,93.6,99.7,37.2,36.8,9.4,44.4,30.7,14.8,54.1,2903.0,73.0,57.2,79.1,8.0,39.7,45.0,62.8
Bihar,BR,Sheikhpura,58.5,55.0,28.3,46.1,97.3,98.4,54.2,40.3,9.7,68.8,28.4,24.1,77.1,1842.0,89.2,69.7,91.8,14.6,53.6,37.6,69.5
Bihar,BR,Sheohar,56.2,52.5,21.0,34.6,97.6,100.0,57.9,31.3,18.1,62.8,25.3,11.3,61.1,2090.0,74.3,63.8,77.0,5.3,34.4,42.2,61.6
Bihar,BR,Sitamarhi,59.1,51.7,19.2,46.8,93.1,99.7,50.7,40.5,20.7,57.8,20.3,14.3,51.1,2538.0,64.4,49.9,69.6,8.5,54.2,40.8,61.7
Bihar,BR,Siwan,70.7,70.9,38.9,21.3,95.3,99.8,47.7,48.0,8.2,61.0,30.3,21.1,63.9,4135.0,86.4,65.3,86.9,11.3,36.7,30.8,53.1
Bihar,BR,Supaul,50.9,42.1,16.2,55.9,97.3,99.7,50.7,15.0,14.2,59.0,30.9,13.2,60.7,1760.0,80.4,73.6,79.4,3.7,42.3,45.0,60.7
Bihar,BR,Vaishali,64.5,62.4,34.0,44.9,96.5,99.2,52.6,40.9,13.5,46.7,24.5,14.8,57.4,2571.0,81.6,63.1,84.8,9.5,38.3,38.4,63.1
Dadra & Nagar Haveli and Daman & Diu,DD,Dadra & Nagar Haveli,70.8,72.8,31.5,30.0,99.7,94.8,63.1,74.3,58.8,82.0,90.9,65.1,92.2,502.0,96.3,75.8,98.1,21.9,42.4,42.1,64.4
Dadra & Nagar Haveli and Daman & Diu,DD,Daman,83.8,85.9,42.9,22.8,99.5,96.0,67.1,92.1,32.9,62.7,70.5,38.4,89.5,1200.0,97.4,60.5,96.9,23.6,30.0,29.3,60.8
Dadra & Nagar Haveli and Daman & Diu,DD,Diu,77.8,90.8,52.7,2.3,100.0,99.7,89.7,85.3,64.0,85.7,90.7,79.9,93.0,1310.0,95.7,63.9,97.2,33.5,33.9,28.5,50.3
Goa,GA,North Goa,89.5,92.4,72.0,7.5,100.0,98.1,87.7,96.7,64.8,74.6,91.3,84.8,93.1,3824.0,99.6,58.6,98.6,39.5,24.2,25.8,40.0
Goa,GA,South Goa,88.2,93.8,70.9,3.9,100.0,99.0,88.2,96.2,67.7,62.7,96.0,92.2,99.5,3768.0,100.0,52.0,100.0,39.4,28.3,21.0,37.6
Gujarat,GJ,Ahmedabad,79.8,81.5,42.7,17.5,99.5,98.7,86.4,89.7,36.2,73.5,77.8,69.0,90.0,1279.0,94.5,46.7,95.3,32.4,35.5,34.0,63.7
Gujarat,GJ,Amreli,69.9,77.2,27.2,10.5,99.6,97.8,73.3,65.6,47.7,93.9,92.6,73.8,87.0,1648.0,90.1,45.5,81.2,18.7,35.3,30.6,50.0
Gujarat,GJ,Anand,75.2,75.9,32.2,28.0,98.0,99.7,82.1,65.1,36.2,74.2,64.2,55.5,90.3,2488.0,96.0,41.2,95.2,22.4,38.4,46.6,66.4
Gujarat,GJ,Aravali,68.6,71.9,34.7,27.0,96.5,98.5,56.3,47.9,43.9,62.6,73.8,56.0,87.6,3666.0,92.2,34.8,93.0,21.0,47.1,47.2,77.3
Gujarat,GJ,Banaskantha,61.1,63.7,17.6,37.3,91.1,93.6,53.9,45.6,41.0,68.0,56.1,56.8,86.1,1377.0,92.9,29.1,92.7,18.5,39.0,44.1,60.0
Gujarat,GJ,Bharuch,76.7,74.0,31.5,16.8,98.2,97.2,77.7,60.2,37.4,63.4,65.7,38.4,78.8,1724.0,91.1,49.6,92.1,19.5,40.9,45.5,71.8
Gujarat,GJ,Bhavnagar,72.0,74.2,26.3,18.0,96.9,95.1,72.9,59.8,32.2,76.6,70.9,45.2,87.0,1933.0,94.2,44.3,96.0,23.7,32.6,39.5,49.4
Gujarat,GJ,Botad,68.9,71.8,22.0,13.0,99.3,99.2,72.0,63.0,38.0,82.3,82.7,54.6,85.4,2027.0,93.5,39.2,74.5,16.6,32.2,32.3,58.8
Gujarat,GJ,Chhota Udaipur,52.3,53.2,20.3,27.5,95.3,97.4,53.0,25.7,40.0,81.9,81.2,59.4,91.1,924.0,85.7,68.8,88.3,7.5,48.6,48.1,78.9
Gujarat,GJ,Dahod,59.6,56.1,23.1,29.9,89.3,91.0,35.9,26.8,40.3,75.2,70.9,65.0,87.2,1516.0,92.5,68.2,93.2,6.1,55.3,53.0,75.1
Gujarat,GJ,Devbhumi Dwarka,59.0,66.1,15.8,11.6,98.7,93.9,73.4,61.2,33.5,84.1,76.6,29.1,90.1,1463.0,94.8,37.2,91.7,17.9,30.2,36.2,48.8
Gujarat,GJ,Gandhinagar,77.6,81.8,37.9,32.6,97.8,99.7,84.6,76.9,29.7,69.5,71.0,38.1,88.2,2445.0,97.8,39.5,89.3,32.7,38.1,44.6,68.8
Gujarat,GJ,Gir Somnath,65.8,73.1,30.8,9.9,99.5,98.2,74.3,46.8,46.6,79.2,80.7,53.5,90.8,1194.0,87.1,34.0,91.8,17.2,44.4,30.3,49.9
Gujarat,GJ,Jamnagar,72.8,83.1,35.3,6.8,98.9,99.7,86.6,81.6,38.6,91.7,73.8,52.5,92.4,1150.0,96.5,55.4,96.2,23.3,28.4,28.9,50.2
Gujarat,GJ,Junagadh,73.8,82.8,35.0,11.2,99.3,97.0,81.7,67.2,47.3,82.0,72.5,39.6,84.1,1272.0,97.4,60.3,97.7,23.0,37.3,26.4,58.8
Gujarat,GJ,Kachchh,66.6,75.6,24.1,19.0,99.2,96.8,85.8,67.2,34.3,88.8,84.2,74.3,93.9,1793.0,97.4,45.3,97.6,15.8,37.5,33.4,57.5
Gujarat,GJ,Kheda,74.0,70.9,24.2,49.2,96.9,97.7,63.3,48.0,32.2,64.0,61.2,42.4,85.1,2371.0,95.2,47.5,88.4,18.9,37.3,39.5,76.1
Gujarat,GJ,Mahesana,71.3,75.1,32.6,32.3,97.7,97.0,72.1,63.1,40.7,59.7,56.6,58.3,79.7,5103.0,97.3,27.4,91.6,28.7,31.0,41.4,69.3
Gujarat,GJ,Mahisagar,66.1,70.9,33.9,30.7,95.2,94.8,44.4,47.4,46.0,77.2,76.6,63.3,90.9,2087.0,93.0,26.6,92.7,16.6,43.4,49.0,72.5
Gujarat,GJ,Morbi,70.5,82.4,35.4,8.9,99.9,98.3,80.1,73.6,34.4,89.8,75.1,55.8,89.9,1370.0,94.8,30.1,96.4,20.2,32.9,32.3,50.7
Gujarat,GJ,Narmada,66.0,67.3,22.6,29.5,92.7,96.8,54.6,31.3,51.1,81.7,83.4,65.1,87.2,753.0,81.7,66.3,84.2,7.3,47.2,52.8,75.9
Gujarat,GJ,Navsari,77.9,84.1,47.7,15.7,98.7,97.4,80.1,70.2,42.0,93.4,94.7,79.1,98.2,1188.0,99.3,49.6,99.1,26.5,36.8,43.6,68.7
Gujarat,GJ,Panchmahal,70.1,71.7,28.4,34.1,95.5,91.0,58.9,43.6,34.0,74.0,88.7,64.2,88.0,2680.0,88.4,24.7,84.2,9.9,47.1,51.9,69.8
Gujarat,GJ,Patan,64.8,71.1,22.6,35.4,98.3,99.4,73.1,62.6,50.2,86.2,79.8,68.1,93.6,783.0,98.6,25.2,97.1,18.9,50.5,42.3,59.8
Gujarat,GJ,Porbandar,74.9,84.3,35.9,10.0,99.8,96.2,85.7,76.9,42.1,93.5,92.1,56.5,97.6,685.0,100.0,61.2,96.0,19.2,18.2,25.5,47.6
Gujarat,GJ,Rajkot,78.4,84.7,42.6,12.1,99.6,99.5,85.4,83.6,45.1,94.0,93.5,60.6,98.1,668.0,99.3,40.9,100.0,24.7,38.9,37.0,60.5
Gujarat,GJ,Sabarkantha,68.7,74.5,31.1,27.0,95.3,90.7,61.0,58.7,49.3,70.1,73.2,52.2,86.9,1828.0,89.4,38.3,83.0,23.7,37.0,41.0,67.3
Gujarat,GJ,Surat,82.7,84.2,44.0,13.1,99.3,98.9,82.0,88.6,31.6,92.2,93.4,73.1,96.7,2342.0,97.7,41.1,98.8,25.0,36.1,32.5,69.0
Gujarat,GJ,Surendranagar,66.0,75.1,23.3,19.5,99.4,96.9,63.8,56.9,50.4,84.0,57.5,39.6,78.4,1721.0,85.6,45.4,83.6,12.2,39.2,41.8,55.6
Gujarat,GJ,Tapi,66.1,72.0,32.5,25.3,97.6,99.0,70.2,45.5,42.3,83.2,91.0,73.6,90.0,846.0,92.9,72.6,85.2,14.8,41.7,51.8,77.4
Gujarat,GJ,The Dangs,69.9,68.9,20.7,30.2,95.9,91.2,71.7,23.4,44.3,86.4,90.2,78.9,80.1,663.0,74.5,64.2,77.1,7.1,37.6,53.1,77.2
Gujarat,GJ,Vadodara,82.0,84.6,46.4,22.8,97.3,99.5,85.6,78.1,41.7,80.4,65.9,53.1,90.7,1597.0,95.9,45.7,95.2,29.9,42.3,39.9,72.3
Gujarat,GJ,Valsad,79.0,82.9,45.6,19.4,98.6,98.0,85.3,73.1,40.6,88.3,92.5,76.5,95.0,958.0,96.5,44.7,98.5,16.9,37.8,34.8,75.7
Himachal Pradesh,HP,Bilaspur,81.3,91.2,64.2,10.0,100.0,92.9,80.8,35.8,35.4,76.4,81.4,72.4,92.9,3360.0,91.7,72.1,87.6,19.2,40.1,38.8,53.0
Himachal Pradesh,HP,Chamba,70.1,84.1,50.9,3.8,99.1,85.5,86.5,35.0,26.8,75.1,62.7,65.4,72.9,4252.0,72.0,64.9,74.1,10.5,42.6,26.0,43.7
Himachal Pradesh,HP,Hamirpur,86.7,94.8,76.1,3.5,99.7,98.0,85.5,44.7,32.0,67.5,59.4,69.9,88.9,4229.0,97.6,75.1,92.4,21.3,27.3,23.6,49.5
Himachal Pradesh,HP,Kangra,84.1,94.4,69.9,1.5,99.7,98.6,73.3,49.1,36.4,51.5,56.3,63.4,88.7,2087.0,90.2,75.0,87.5,28.2,28.0,32.0,63.4
Himachal Pradesh,HP,Kinnaur,73.8,89.1,56.1,27.9,99.6,96.9,80.1,70.4,35.9,77.8,75.3,68.7,83.4,3884.0,82.7,76.4,84.1,18.6,32.2,18.9,51.7
Himachal Pradesh,HP,Kullu,77.4,87.4,54.4,8.7,99.2,94.3,81.2,65.0,26.8,62.1,60.0,61.9,84.6,2919.0,87.0,66.8,88.1,13.6,35.9,25.6,52.8
Himachal Pradesh,HP,Lahul and Spiti,65.6,86.2,55.9,11.2,99.8,89.2,61.7,71.7,31.2,62.4,65.6,72.7,81.1,3533.0,86.4,75.9,86.7,17.7,28.5,18.4,82.1
Himachal Pradesh,HP,Mandi,79.2,94.0,71.8,6.3,99.5,96.5,87.0,38.6,41.3,81.2,70.3,68.4,84.2,2859.0,86.6,77.4,86.4,16.0,31.3,21.3,48.9
Himachal Pradesh,HP,Shimla,81.6,93.4,69.7,6.1,100.0,97.3,87.3,78.0,37.1,83.1,85.3,77.2,91.6,6658.0,92.2,81.9,91.3,12.9,27.1,14.9,46.5
Himachal Pradesh,HP,Sirmaur,75.7,84.9,55.6,5.0,99.2,95.7,84.3,46.8,26.2,91.0,85.2,76.0,88.7,2586.0,87.4,70.1,88.2,16.7,28.6,24.2,50.1
Himachal Pradesh,HP,Solan,82.4,91.0,62.3,13.3,99.2,96.5,81.8,62.5,41.9,87.1,88.2,74.6,85.9,5401.0,90.2,68.0,86.8,25.2,32.3,26.7,47.5
Himachal Pradesh,HP,Una,86.1,92.5,66.8,1.6,98.5,98.8,81.4,46.2,22.6,70.7,71.7,46.5,84.9,4903.0,89.7,52.2,89.9,39.1,24.7,25.8,60.8
Jammu and Kashmir,JK,Anantnag,65.5,74.7,52.8,2.5,98.7,99.3,84.7,76.5,7.3,82.0,80.9,32.5,85.1,6058.0,90.5,86.7,98.1,51.3,28.2,28.3,74.3
Jammu and Kashmir,JK,Badgam,62.5,74.1,48.2,1.5,99.5,95.8,77.0,71.1,5.2,83.3,66.5,25.4,88.7,5525.0,96.5,94.3,98.5,42.2,26.8,20.6,73.9
Jammu and Kashmir,JK,Bandipore,62.4,66.6,35.9,1.8,99.0,89.8,66.8,77.9,9.1,82.9,82.6,21.9,82.6,6399.0,92.8,82.2,93.7,48.1,25.2,16.8,73.7
Jammu and Kashmir,JK,Baramula,62.9,67.9,35.9,3.8,98.7,93.3,77.7,76.5,6.5,84.0,75.2,22.4,80.1,9853.0,96.2,86.8,97.0,51.1,23.2,17.3,72.5
Jammu and Kashmir,JK,Doda,65.1,69.2,46.8,11.0,99.6,92.6,70.9,42.4,7.6,86.3,74.3,23.1,71.6,4458.0,73.5,68.9,75.6,19.5,32.7,15.2,66.5
Jammu and Kashmir,JK,Ganderbal,60.2,64.0,34.3,5.3,99.5,97.2,78.4,84.4,8.3,86.9,80.4,16.3,88.4,6961.0,98.0,95.0,98.6,47.2,18.5,20.1,77.2
Jammu and Kashmir,JK,Jammu,84.0,91.5,70.8,5.3,100.0,99.9,81.2,87.9,23.3,93.2,95.4,51.4,92.2,4714.0,96.5,88.7,97.0,43.3,27.0,17.6,66.6
Jammu and Kashmir,JK,Kathua,77.4,87.7,64.9,1.4,99.7,96.1,75.4,68.5,7.0,83.2,31.6,32.6,81.2,5661.0,97.1,93.8,98.5,29.9,21.8,25.9,53.6
Jammu and Kashmir,JK,Kishtwar,68.9,71.3,48.0,7.2,88.8,86.8,59.6,50.6,16.4,80.3,76.4,34.8,75.7,4410.0,91.6,90.8,94.1,34.3,27.5,17.7,84.8
Jammu and Kashmir,JK,Kulgam,64.0,70.9,42.4,3.7,99.8,96.4,80.5,40.3,4.2,95.5,92.2,15.8,91.5,3852.0,98.9,94.4,99.6,45.8,28.4,15.3,77.0
Jammu and Kashmir,JK,Kupwara,68.7,76.0,44.9,3.1,99.3,88.0,67.7,62.0,10.4,83.7,89.2,29.2,90.5,5108.0,97.1,88.7,99.0,51.7,24.9,25.5,73.5
Jammu and Kashmir,JK,Pulwama,67.2,76.6,49.4,0.5,99.1,98.0,91.6,76.6,9.9,96.6,96.2,33.1,95.0,4299.0,97.8,92.0,98.1,60.7,22.4,20.2,73.2
Jammu and Kashmir,JK,Punch,72.1,79.3,46.8,5.4,99.7,76.8,66.7,44.6,11.1,80.5,86.4,20.6,81.7,3641.0,86.0,84.2,93.8,30.9,25.9,18.8,54.1
Jammu and Kashmir,JK,Rajouri,72.6,79.4,46.4,12.2,100.0,77.7,63.3,42.8,16.4,82.5,71.9,17.4,78.7,4199.0,88.8,84.9,94.4,29.0,30.3,32.4,60.6
Jammu and Kashmir,JK,Ramban,60.8,62.2,35.5,5.5,97.4,73.4,48.9,35.8,9.2,84.6,79.2,12.9,71.3,2683.0,80.4,78.7,91.7,17.0,25.7,21.2,59.7
Jammu and Kashmir,JK,Reasi,66.9,68.2,41.9,9.6,99.9,76.5,62.7,35.2,11.2,83.4,75.9,32.6,64.7,4046.0,69.3,66.6,73.3,23.0,17.7,11.7,62.9
Jammu and Kashmir,JK,Samba,76.6,84.8,60.6,6.3,99.8,95.4,78.8,73.0,19.0,86.6,96.2,46.5,92.3,4149.0,97.9,91.3,99.0,37.5,24.5,15.5,62.4
Jammu and Kashmir,JK,Shupiyan,71.4,80.8,55.2,2.1,99.9,99.2,86.5,66.1,8.4,80.8,86.8,34.4,84.5,5792.0,98.3,94.3,97.5,31.7,22.0,33.5,63.9
Jammu and Kashmir,JK,Srinagar,68.2,78.4,60.5,1.7,100.0,98.5,86.8,98.4,17.9,95.2,85.1,34.1,90.9,4589.0,99.2,88.7,99.2,59.4,33.0,15.8,51.7
Jammu and Kashmir,JK,Udhampur,73.0,77.3,43.7,6.1,99.9,76.4,69.8,55.1,16.8,80.1,69.8,19.4,71.2,3412.0,87.2,86.0,91.1,37.0,37.3,31.9,56.5
Karnataka,KA,Bagalkot,67.3,69.7,37.7,38.7,98.9,99.2,51.3,56.6,22.3,78.2,76.2,32.3,89.0,4576.0,95.2,57.1,91.4,31.0,48.3,42.3,48.0
Karnataka,KA,Bangalore,85.7,87.3,70.1,14.5,98.8,99.2,90.4,97.2,28.8,75.3,74.6,58.8,88.0,3633.0,99.3,54.7,94.4,30.6,31.3,28.1,35.5
Karnataka,KA,Bangalore Rural,74.3,83.8,56.3,14.1,99.2,97.9,88.8,93.6,34.9,81.8,90.9,67.0,91.7,4836.0,100.0,72.0,97.9,43.6,36.6,23.8,44.2
Karnataka,KA,Belgaum,72.4,74.0,47.8,32.8,99.1,94.4,67.7,74.8,20.7,71.2,63.7,36.9,87.0,3902.0,97.5,60.6,96.4,24.2,32.8,36.9,52.9
Karnataka,KA,Bellary,64.2,64.4,39.9,22.2,98.9,94.7,64.1,76.2,25.7,67.5,56.4,28.7,86.6,12348.0,95.7,76.8,96.0,29.1,36.1,36.5,58.1
Karnataka,KA,Bidar,68.2,73.8,45.0,19.2,98.8,98.9,56.5,65.2,21.4,62.7,55.3,39.7,89.6,4091.0,99.0,73.4,91.7,21.8,36.8,36.1,55.9
Karnataka,KA,Bijapur,66.1,66.6,37.1,39.2,97.6,92.5,44.8,60.6,21.2,60.3,56.4,36.6,74.4,3198.0,91.8,59.6,90.0,20.9,45.9,39.0,52.9
Karnataka,KA,Chamarajanagar,63.2,72.4,41.7,19.3,98.7,99.9,75.2,89.0,34.4,83.2,84.1,41.2,94.2,4270.0,100.0,82.7,96.7,31.4,32.2,28.7,46.3
Karnataka,KA,Chikkaballapura,65.9,76.3,48.0,27.1,99.9,98.1,84.9,89.4,26.1,82.6,90.5,48.8,91.2,4324.0,99.0,83.0,97.5,38.2,31.3,25.2,45.5
Karnataka,KA,Chikmagalur,76.2,82.9,48.3,19.5,99.3,95.7,92.3,79.0,30.0,69.5,74.3,49.6,90.9,4544.0,98.4,77.9,98.7,38.1,27.3,25.4,40.8
Karnataka,KA,Chitradurga,73.0,75.6,48.3,20.7,99.8,97.8,63.1,80.6,35.3,66.3,79.3,50.5,95.2,4234.0,98.3,68.8,95.1,42.8,36.0,32.4,44.6
Karnataka,KA,Dakshina Kannada,83.9,92.7,62.8,4.9,99.8,88.6,97.1,82.0,36.3,86.1,82.0,68.9,83.5,3699.0,100.0,41.9,91.9,30.4,25.1,26.4,38.8
Karnataka,KA,Davanagere,74.9,76.0,47.1,19.1,98.8,97.5,83.3,79.1,25.2,63.0,63.1,25.0,78.9,7508.0,98.3,68.9,88.1,39.8,38.4,32.8,51.7
Karnataka,KA,Dharwad,78.2,81.8,51.4,17.8,99.4,87.9,79.3,79.1,24.5,78.7,85.2,45.1,98.0,3225.0,99.7,69.2,99.0,29.9,45.2,40.4,52.1
Karnataka,KA,Gadag,73.3,70.7,45.1,27.7,98.6,95.5,55.2,56.3,28.3,52.6,68.7,33.5,84.7,5726.0,96.2,67.5,98.2,33.5,45.2,39.8,50.5
Karnataka,KA,Gulbarga,65.0,68.2,42.0,29.8,99.4,92.5,36.5,58.5,17.4,59.3,53.6,26.6,79.6,3738.0,88.7,60.5,87.1,22.7,34.5,36.2,56.0
Karnataka,KA,Hassan,74.4,82.0,51.3,16.2,99.3,96.8,87.9,86.1,36.9,67.6,75.8,50.1,92.6,3421.0,100.0,71.7,97.1,41.8,27.1,23.8,42.2
Karnataka,KA,Haveri,72.6,71.5,40.0,16.5,99.1,99.1,68.9,60.7,28.8,73.3,58.7,30.5,92.4,11573.0,97.2,82.6,95.8,23.9,29.9,35.0,50.8
Karnataka,KA,Kodagu,83.6,88.5,58.9,12.8,98.7,89.2,93.9,78.3,45.6,70.6,74.4,46.8,93.3,2830.0,98.4,73.3,94.1,33.3,30.4,22.6,39.9
Karnataka,KA,Kolar,71.6,78.3,55.0,26.7,99.5,98.5,89.2,89.9,33.9,78.0,90.9,60.2,95.7,3188.0,99.6,76.1,99.3,42.1,31.1,15.7,43.6
Karnataka,KA,Koppal,63.9,59.8,34.4,27.1,99.2,96.0,58.8,47.4,20.6,52.4,50.7,15.8,80.7,4909.0,90.7,68.2,89.2,19.1,49.1,45.8,54.8
Karnataka,KA,Mandya,67.7,78.3,52.5,13.1,98.4,98.4,86.7,90.5,39.9,85.6,90.1,54.8,95.5,4109.0,99.5,60.2,97.3,39.5,24.3,16.7,47.0
Karnataka,KA,Mysore,72.4,78.9,49.6,17.5,99.5,95.4,86.4,94.7,26.2,82.0,85.7,65.2,93.5,4143.0,100.0,56.2,97.8,43.7,27.5,28.2,48.0
Karnataka,KA,Raichur,55.3,54.3,31.7,21.9,99.7,94.0,53.0,64.9,17.8,66.4,67.5,32.8,76.1,6277.0,88.9,64.4,83.3,20.0,39.8,40.7,60.4
Karnataka,KA,Ramanagara,68.8,82.7,54.5,11.8,99.6,98.3,89.6,92.0,35.7,91.8,88.7,47.9,87.0,4877.0,100.0,68.8,100.0,39.9,15.6,19.8,45.5
Karnataka,KA,Shimoga,78.8,79.8,49.1,11.1,99.5,94.6,85.4,85.7,26.5,58.7,79.4,56.6,91.5,5284.0,99.7,74.1,96.5,43.7,29.0,34.4,41.9
Karnataka,KA,Tumkur,72.3,81.9,58.9,24.8,99.6,96.2,86.1,85.3,31.0,68.6,80.4,61.8,95.2,4533.0,100.0,66.9,93.1,52.1,40.3,26.7,49.3
Karnataka,KA,Udupi,82.0,90.3,55.4,4.4,99.6,81.5,94.5,67.8,50.9,75.1,59.4,51.3,89.2,2886.0,98.9,37.6,90.2,51.9,23.1,21.0,47.3
Karnataka,KA,Uttara Kannada,81.1,84.3,49.2,11.6,99.1,84.8,89.6,73.4,32.0,80.4,57.9,35.6,87.4,5362.0,99.3,69.5,99.2,36.3,29.6,33.3,44.6
Karnataka,KA,Yadgir,51.9,48.1,26.4,33.2,99.0,95.2,37.4,48.8,16.7,57.4,63.6,29.6,73.3,4386.0,93.3,73.4,93.0,14.3,57.6,45.2,57.3
Kerala,KL,Alappuzha,97.8,99.7,78.8,3.8,99.9,98.4,99.2,79.2,60.4,85.1,65.7,61.0,89.2,10557.0,99.4,49.0,100.0,47.8,20.1,20.4,31.9
Kerala,KL,Ernakulam,97.2,99.3,83.8,2.9,100.0,98.2,99.3,88.4,46.2,92.6,82.2,82.8,96.1,4940.0,99.1,23.2,100.0,51.1,22.0,19.4,31.7
Kerala,KL,Idukki,93.0,94.4,73.2,7.1,99.0,82.3,97.5,54.3,58.1,93.3,74.3,75.6,94.0,4942.0,100.0,47.6,100.0,40.3,24.3,23.6,32.0
Kerala,KL,Kannur,96.7,99.1,74.1,5.4,99.7,93.9,99.5,70.4,47.9,94.8,78.3,78.0,93.4,6125.0,100.0,33.6,100.0,39.7,19.4,17.9,39.7
Kerala,KL,Kasaragod,90.8,95.9,68.3,4.7,99.5,93.2,98.9,73.5,44.0,97.4,91.2,89.4,95.0,3778.0,100.0,29.9,100.0,28.8,25.3,21.4,35.4
Kerala,KL,Kollam,96.6,98.2,80.6,1.8,99.8,95.7,97.5,80.1,56.0,92.6,79.3,89.0,91.4,6836.0,100.0,44.7,100.0,49.1,15.5,17.0,36.0
Kerala,KL,Kottayam,97.9,99.7,85.8,1.6,99.6,97.1,98.6,72.5,53.2,81.6,55.1,51.1,85.0,10236.0,98.7,44.3,99.3,48.0,23.4,17.3,38.7
Kerala,KL,Kozhikode,97.7,99.1,84.3,4.2,99.6,93.3,99.6,73.8,61.1,98.3,91.8,85.7,91.0,4734.0,100.0,42.2,100.0,45.7,21.3,18.9,29.8
Kerala,KL,Malappuram,94.9,99.2,69.5,15.3,99.7,97.7,99.9,59.0,42.8,95.3,90.4,92.3,96.9,6760.0,100.0,25.6,100.0,25.5,29.4,21.4,34.7
Kerala,KL,Palakkad,89.6,94.4,63.2,14.1,98.9,94.7,99.0,67.5,53.8,97.7,68.4,71.7,97.5,6211.0,100.0,29.6,100.0,31.2,29.7,27.7,49.6
Kerala,KL,Pathanamthitta,97.7,99.7,84.5,0.0,99.6,94.1,98.9,60.1,50.1,92.9,83.9,74.7,95.2,7608.0,99.1,36.8,99.2,57.6,22.7,11.2,36.4
Kerala,KL,Thiruvananthapuram,94.5,98.5,83.1,6.2,99.9,92.9,95.4,72.2,48.7,87.7,55.3,71.6,86.2,10165.0,99.5,34.7,100.0,32.8,19.5,15.2,33.0
Kerala,KL,Thrissur,97.8,99.4,79.2,1.0,100.0,93.7,99.5,76.3,48.7,97.1,82.4,78.6,95.2,5007.0,100.0,30.9,100.0,45.7,22.0,17.3,44.4
Kerala,KL,Wayanad,88.2,93.7,68.0,8.4,97.0,94.1,97.6,55.7,64.8,97.6,94.2,94.9,95.9,7967.0,100.0,37.6,100.0,25.7,31.3,22.5,26.9
Ladakh,LH,Kargil,69.6,77.2,50.3,2.5,99.1,90.2,42.3,58.1,13.6,91.0,88.0,19.6,78.3,3569.0,93.7,93.7,95.6,32.0,36.5,21.8,92.0
Ladakh,LH,Leh (Ladakh),66.3,76.4,49.8,2.5,99.8,87.1,42.4,93.5,16.2,80.9,69.6,9.5,80.8,4043.0,96.4,95.7,98.4,43.1,24.3,19.0,93.5
Maharashtra,MH,Ahmednagar,77.4,86.2,45.7,26.9,94.5,90.0,79.5,77.4,12.0,71.4,76.6,53.3,90.9,5575.0,97.9,45.5,95.0,28.1,31.7,41.2,50.3
Maharashtra,MH,Akola,86.3,87.5,52.7,13.5,97.6,95.1,69.5,75.5,40.1,75.1,76.3,60.6,82.3,1753.0,97.7,65.9,86.4,29.1,31.8,30.8,52.6
Maharashtra,MH,Amravati,86.2,87.8,55.0,9.8,99.1,95.8,75.7,71.7,31.9,89.1,71.7,38.1,80.2,3557.0,91.3,65.4,89.7,30.2,29.0,38.0,53.4
Maharashtra,MH,Aurangabad,78.4,83.1,48.4,35.8,97.0,91.7,69.1,78.4,12.4,65.2,57.2,14.5,76.4,4039.0,94.8,61.1,96.3,17.5,34.2,42.9,52.4
Maharashtra,MH,Bhandara,80.3,89.1,53.9,1.5,98.8,92.0,81.8,71.4,30.0,83.7,79.0,64.4,87.5,2584.0,100.0,94.1,98.4,31.3,31.3,33.9,65.3
Maharashtra,MH,Bid,64.6,76.3,38.6,43.7,94.8,85.4,66.4,54.4,9.3,65.6,56.8,28.4,79.8,3988.0,94.0,63.7,90.8,17.5,40.8,36.8,50.8
Maharashtra,MH,Buldana,78.1,79.9,41.8,24.1,97.1,89.7,68.9,69.2,37.9,73.6,72.7,61.2,86.7,2641.0,93.9,70.9,92.4,17.6,45.0,47.2,57.8
Maharashtra,MH,Chandrapur,78.9,87.8,57.5,9.0,98.9,96.5,77.3,85.1,28.9,76.6,68.5,69.2,92.3,2109.0,99.6,85.2,96.5,20.8,37.3,46.6,55.5
Maharashtra,MH,Dhule,73.5,68.8,40.8,40.5,96.0,89.9,58.9,65.1,19.8,61.2,63.2,30.7,77.2,2269.0,77.2,48.8,84.2,17.0,37.6,46.0,61.2
Maharashtra,MH,Gadchiroli,67.1,79.4,42.3,10.1,95.8,83.0,62.4,60.5,33.3,84.6,86.8,70.8,91.5,1847.0,97.3,90.5,98.2,17.3,35.7,35.4,66.2
Maharashtra,MH,Gondiya,80.4,87.5,54.1,6.5,98.2,91.6,74.3,68.0,30.6,69.0,66.2,46.0,90.0,1684.0,99.1,88.6,98.3,27.0,36.9,35.6,60.4
Maharashtra,MH,Hingoli,69.4,76.5,33.2,37.1,98.1,92.4,69.0,53.1,14.7,82.5,66.6,23.2,82.4,3114.0,94.0,68.6,95.3,16.4,37.4,38.9,51.3
Maharashtra,MH,Jalgaon,77.5,76.5,40.8,28.0,96.8,94.3,59.7,79.5,11.9,60.3,58.4,28.9,74.5,3366.0,86.5,40.2,81.9,27.5,36.3,36.9,65.2
Maharashtra,MH,Jalna,67.6,71.8,34.3,35.0,95.7,82.8,63.6,56.4,9.7,56.0,58.4,27.2,74.0,4178.0,92.8,57.3,86.5,15.2,38.0,39.0,58.2
Maharashtra,MH,Kolhapur,80.2,90.7,53.8,21.0,98.8,97.3,82.0,84.7,16.5,71.5,81.8,58.8,95.2,2958.0,99.2,45.6,93.6,38.1,33.6,34.7,50.1
Maharashtra,MH,Latur,70.6,83.3,40.7,31.0,97.2,94.6,72.5,78.5,33.6,74.6,72.6,53.6,93.3,2483.0,94.7,66.8,93.4,19.0,43.2,33.9,50.7
Maharashtra,MH,Mumbai,92.5,94.3,71.1,4.5,99.6,100.0,58.6,98.3,30.7,86.2,87.1,72.4,90.6,6233.0,99.5,55.5,98.3,30.4,26.6,29.6,45.9
Maharashtra,MH,Mumbai Suburban,88.5,91.6,65.7,10.0,99.2,99.8,62.6,98.7,20.2,58.1,72.2,54.8,91.5,3943.0,98.1,56.0,98.5,31.7,37.2,24.6,50.0
Maharashtra,MH,Nagpur,86.5,94.6,67.6,7.1,99.5,99.5,88.9,96.0,25.6,78.1,71.4,57.1,91.4,3249.0,100.0,61.9,96.6,33.7,27.6,33.9,53.6
Maharashtra,MH,Nanded,68.1,71.9,31.6,32.2,96.4,94.8,68.0,64.5,15.7,62.5,53.5,21.7,76.1,2964.0,94.8,66.7,92.6,14.0,36.0,35.2,57.3
Maharashtra,MH,Nandurbar,63.5,57.7,29.9,24.0,96.2,94.6,54.1,40.3,15.3,51.0,58.2,38.3,74.4,1313.0,76.3,60.7,77.9,7.9,45.8,57.2,64.2
Maharashtra,MH,Nashik,78.2,80.0,42.6,29.6,95.3,86.3,68.3,72.5,14.7,66.9,66.4,43.4,76.5,1698.0,90.5,52.0,89.9,21.2,42.2,44.8,56.2
Maharashtra,MH,Osmanabad,71.3,83.7,41.5,36.6,96.8,96.4,71.2,69.7,14.8,83.9,89.2,66.1,94.4,2654.0,98.1,68.4,99.0,18.5,37.2,32.5,49.1
Maharashtra,MH,Palghar,77.5,77.6,48.3,14.6,97.7,91.1,75.1,75.0,18.8,84.7,86.3,65.3,97.0,1948.0,94.2,65.9,95.7,22.6,33.0,37.1,56.9
Maharashtra,MH,Parbhani,67.1,73.4,28.8,48.0,96.8,89.0,60.1,54.8,10.5,58.6,47.4,17.9,64.4,2779.0,85.6,53.6,90.8,12.5,37.6,41.8,58.8
Maharashtra,MH,Pune,84.8,89.0,61.2,24.0,99.4,96.9,79.6,89.5,14.4,79.6,68.6,50.2,84.2,3677.0,98.0,43.4,98.5,34.6,30.7,32.7,51.9
Maharashtra,MH,Raigarh,73.7,79.2,45.0,16.0,97.9,87.8,74.8,83.3,26.3,83.8,83.1,61.6,93.0,1676.0,96.6,54.8,97.6,26.1,35.8,34.1,54.2
Maharashtra,MH,Ratnagiri,80.3,87.2,41.2,4.4,99.2,90.9,85.6,58.1,16.6,64.6,78.6,54.6,89.7,3096.0,97.8,53.5,95.6,30.8,31.7,29.5,43.4
Maharashtra,MH,Sangli,80.4,90.3,54.6,27.0,98.2,96.8,84.7,87.3,12.3,66.0,80.1,58.2,95.6,3548.0,98.0,38.5,97.6,34.3,35.0,27.2,47.5
Maharashtra,MH,Satara,78.5,87.2,48.3,18.1,97.9,95.6,78.7,82.1,11.4,77.5,81.7,59.5,94.5,2607.0,97.1,43.8,97.9,36.2,20.2,28.0,49.6
Maharashtra,MH,Sindhudurg,83.1,92.1,49.4,5.0,99.4,73.2,87.9,66.0,13.2,70.3,73.4,59.6,96.7,3290.0,100.0,65.5,98.6,31.8,30.8,32.0,41.2
Maharashtra,MH,Solapur,72.0,76.4,36.0,40.3,97.1,90.4,67.8,73.1,20.5,81.3,81.9,60.3,89.6,1910.0,96.2,51.5,96.3,21.2,36.3,32.9,54.5
Maharashtra,MH,Thane,86.1,90.5,55.9,18.4,99.3,96.7,74.7,90.4,22.7,58.9,70.2,54.9,87.2,2275.0,93.6,50.6,93.9,26.6,40.8,30.8,58.8
Maharashtra,MH,Wardha,85.1,93.0,56.5,9.0,98.8,98.5,80.2,83.9,27.1,87.9,70.4,50.6,89.9,3482.0,98.8,72.4,99.0,24.1,27.7,31.3,60.0
Maharashtra,MH,Washim,76.0,78.0,42.0,27.7,97.2,73.7,61.5,61.4,24.1,63.4,60.0,44.5,83.4,3071.0,92.9,65.1,83.1,18.0,35.3,39.3,56.4
Maharashtra,MH,Yavatmal,77.6,80.8,38.9,11.7,97.2,89.5,66.4,71.8,29.0,77.1,66.9,41.7,85.6,1734.0,96.3,67.4,96.8,16.0,36.6,39.4,58.4
Manipur,MN,Bishnupur,81.5,88.4,48.7,20.9,98.6,77.7,52.6,71.3,9.3,84.2,77.4,57.4,79.0,16362.0,89.5,68.6,92.6,38.2,15.5,11.7,35.8
Manipur,MN,Chandel,76.9,80.2,43.3,22.3,99.9,68.6,85.2,52.0,16.1,77.6,66.6,44.2,55.0,10920.0,55.5,37.4,74.0,14.9,34.0,14.7,27.3
Manipur,MN,Churachandpur,84.0,84.2,36.6,10.5,94.0,62.5,81.2,62.3,18.2,69.0,61.3,28.5,58.2,10646.0,72.9,50.4,80.0,9.6,25.1,9.8,32.0
Manipur,MN,Imphal East,87.2,90.0,49.9,15.2,98.6,90.2,59.5,79.0,7.0,78.6,87.1,55.8,85.4,18578.0,91.7,66.7,93.0,35.8,18.4,14.4,35.9
Manipur,MN,Imphal West,89.0,92.5,61.9,15.3,99.4,89.1,58.7,88.6,15.7,83.2,93.4,60.9,90.8,14173.0,95.7,67.6,98.0,44.5,15.6,10.2,26.8
Manipur,MN,Senapati,79.6,81.9,39.6,15.5,98.8,64.4,84.4,50.0,15.4,73.9,64.9,28.4,37.0,12254.0,45.8,36.1,65.0,8.8,27.3,12.9,27.4
Manipur,MN,Tamenglong,78.4,76.8,33.1,19.9,93.6,51.6,77.9,30.5,16.8,69.4,56.4,31.0,52.7,8744.0,57.7,53.0,69.9,10.3,27.1,19.3,27.3
Manipur,MN,Thoubal,79.9,85.4,40.7,17.5,98.6,72.5,61.3,74.7,19.1,90.6,89.9,68.5,75.6,13144.0,87.8,72.4,91.1,20.2,31.5,14.9,24.2
Manipur,MN,Ukhrul,83.7,86.9,49.7,11.1,95.0,50.9,81.4,22.9,17.0,58.3,38.8,25.1,44.9,13190.0,44.6,21.0,54.5,6.4,27.1,16.0,21.9
Meghalaya,ML,East Garo Hills,90.9,86.7,40.5,13.7,97.4,67.0,83.9,29.1,71.9,59.2,25.5,28.8,59.9,2473.0,73.8,73.5,80.8,4.0,39.7,26.5,50.9
Meghalaya,ML,East Jaintia Hills,76.0,76.0,23.0,25.3,85.1,74.6,83.6,26.5,74.1,55.5,58.6,51.9,49.1,3464.0,48.4,36.3,55.7,8.0,49.8,23.6,43.9
Meghalaya,ML,East Khasi Hills,88.7,93.7,43.5,14.6,96.6,90.0,80.9,47.4,47.1,56.7,57.5,40.1,33.6,3258.0,63.4,48.4,68.7,13.9,44.6,23.8,48.2
Meghalaya,ML,North Garo Hills,91.3,86.1,38.4,13.2,97.5,51.5,84.9,24.4,60.8,40.3,24.3,23.7,40.5,4504.0,61.5,60.4,63.2,3.3,35.6,15.8,58.4
Meghalaya,ML,Ribhoi,85.3,89.5,23.1,20.3,92.1,86.2,85.3,21.0,66.8,56.1,61.0,48.8,39.5,3648.0,56.9,45.6,65.8,8.7,42.5,29.6,62.4
Meghalaya,ML,South Garo Hills,89.2,88.6,38.4,10.2,98.6,60.4,88.4,22.3,79.5,68.7,33.3,51.8,65.9,2370.0,88.3,88.3,91.2,4.7,29.8,20.8,56.2
Meghalaya,ML,South West Garo Hills,81.7,82.6,33.0,15.3,95.5,58.6,71.4,33.9,75.1,57.0,28.5,28.3,60.6,2666.0,83.7,83.7,88.3,2.4,32.2,26.4,62.5
Meghalaya,ML,South West Khasi Hills,84.6,85.9,23.4,21.6,87.9,85.3,89.6,11.6,72.3,48.5,63.4,53.8,42.9,3902.0,41.7,37.6,49.3,4.2,51.4,27.6,58.9
Meghalaya,ML,West Garo Hills,88.7,89.0,45.1,10.4,94.7,83.7,86.3,47.6,77.9,65.1,48.0,48.2,70.9,3235.0,89.6,85.1,87.5,8.4,39.5,26.3,55.3
Meghalaya,ML,West Jaintia Hills,73.8,80.0,24.7,19.9,75.4,70.6,75.1,20.7,65.6,44.0,43.1,32.7,28.6,2917.0,42.2,31.9,50.7,6.2,48.7,28.3,55.9
Meghalaya,ML,West Khasi Hills,85.1,87.4,16.4,30.3,85.0,80.5,87.8,8.6,60.1,45.3,64.0,51.6,42.0,2947.0,41.7,36.1,49.3,4.7,59.0,31.1,51.8
Mizoram,MZ,Aizawl,97.8,98.9,60.7,3.2,99.7,98.3,96.1,95.4,37.5,82.8,68.5,58.5,73.4,9812.0,97.4,76.3,97.8,18.2,25.3,9.6,31.7
Mizoram,MZ,Champhai,93.3,97.7,47.8,11.0,100.0,98.6,98.3,79.4,64.9,80.0,63.4,74.3,72.3,4336.0,96.7,91.5,97.5,6.6,27.2,13.1,25.7
Mizoram,MZ,Kolasib,93.9,96.9,41.7,13.7,99.1,95.3,96.8,87.5,61.1,72.7,66.0,67.7,71.5,4834.0,91.4,82.9,93.2,8.4,30.4,12.6,37.7
Mizoram,MZ,Lawngtlai,79.9,76.0,32.2,16.0,89.0,82.2,90.3,56.3,31.3,51.5,33.0,50.7,46.2,7318.0,53.7,48.4,59.9,3.9,32.7,16.9,48.5
Mizoram,MZ,Lunglei,89.8,91.6,46.3,4.8,98.0,96.0,95.6,79.9,46.5,68.8,56.7,64.7,67.1,5717.0,82.7,69.4,80.2,5.4,26.5,11.1,34.9
Mizoram,MZ,Mamit,90.7,89.6,40.0,16.8,97.9,97.3,92.7,73.3,61.7,64.5,52.5,68.8,63.9,4150.0,75.0,71.8,81.1,3.5,26.4,13.9,34.9
Mizoram,MZ,Saiha,92.2,95.1,50.2,11.8,99.7,95.2,91.5,83.7,44.2,60.7,35.5,51.4,59.6,7521.0,73.8,70.3,80.5,9.5,43.8,17.6,44.2
Mizoram,MZ,Serchhip,96.8,99.7,43.1,7.2,99.3,97.7,98.2,81.8,58.8,77.6,60.3,73.0,86.2,6449.0,96.2,90.7,96.8,13.9,31.8,14.4,32.1
Nagaland,NL,Dimapur,89.8,86.6,52.5,4.4,99.8,92.4,81.1,84.2,5.7,71.4,50.1,14.9,68.7,7330.0,73.7,43.2,80.7,14.6,28.3,29.8,34.7
Nagaland,NL,Kiphire,77.4,73.7,22.0,22.5,97.9,90.9,83.1,16.4,8.8,27.2,5.8,1.6,31.9,6288.0,34.8,33.8,46.7,2.1,36.9,25.0,31.4
Nagaland,NL,Kohima,90.4,95.2,70.9,1.0,99.5,89.9,87.4,61.7,26.7,61.9,28.3,17.2,58.9,4970.0,66.9,44.7,78.9,4.3,28.3,22.1,14.9
Nagaland,NL,Longleng,81.2,82.0,23.8,11.0,99.1,76.3,86.6,11.8,38.3,42.3,15.4,2.6,28.5,7152.0,38.7,37.8,44.6,3.6,34.1,25.7,34.6
Nagaland,NL,Mokokchung,88.0,94.0,55.8,6.0,97.7,97.4,96.7,46.2,22.3,51.6,18.2,12.5,47.4,6242.0,51.5,47.3,61.7,3.8,31.4,22.9,25.0
Nagaland,NL,Mon,79.4,78.2,24.3,3.0,96.4,86.7,86.4,13.0,39.3,44.6,9.7,10.6,25.6,2965.0,21.4,20.2,30.9,1.4,35.5,23.3,30.2
Nagaland,NL,Peren,81.1,77.6,35.5,9.1,98.2,92.5,89.4,31.4,5.4,45.1,14.5,6.1,46.9,4945.0,43.5,38.7,52.5,2.4,34.9,20.7,29.7
Nagaland,NL,Phek,80.5,85.8,39.4,6.5,99.4,98.1,90.1,24.2,24.9,50.1,9.5,13.5,39.6,5886.0,32.2,29.2,50.7,1.7,28.0,15.6,30.0
Nagaland,NL,Tuensang,80.5,77.8,27.0,10.4,96.6,90.4,92.0,19.7,22.0,27.1,4.4,3.3,29.5,3394.0,34.8,34.1,39.2,1.5,37.1,34.2,28.8
Nagaland,NL,Wokha,85.8,91.6,45.3,3.2,99.7,83.4,88.5,41.2,20.6,57.8,34.7,12.9,50.7,7125.0,43.6,24.2,63.5,10.1,26.3,28.0,30.9
Nagaland,NL,Zunheboto,87.4,87.1,40.2,4.0,99.4,91.0,88.9,18.6,18.1,46.5,11.2,5.5,24.9,7554.0,35.0,32.2,40.5,7.6,44.0,44.5,31.1
Sikkim,SK,East District,86.4,90.1,53.2,9.4,99.4,93.6,85.0,87.6,29.9,53.4,43.8,48.3,65.8,8471.0,91.8,70.4,94.2,36.9,17.8,13.0,43.3
Sikkim,SK,North District,78.5,81.4,37.7,16.0,98.9,94.7,83.8,65.9,24.5,66.2,59.4,74.0,71.3,7390.0,97.3,91.1,98.5,27.3,31.8,15.3,36.7
Sikkim,SK,South District,80.2,90.5,45.7,9.9,99.6,93.3,91.7,66.5,20.8,78.1,84.5,71.3,83.1,11031.0,97.4,86.4,99.4,27.8,24.8,7.2,39.8
Sikkim,SK,West District,81.8,85.7,43.9,14.1,98.8,89.9,88.9,69.8,19.9,75.8,70.4,48.6,63.6,5361.0,99.3,89.9,99.3,28.0,25.2,19.3,42.7
Telangana,TG,Adilabad,58.6,64.8,41.0,21.4,99.2,95.7,50.8,81.6,63.6,89.7,74.8,44.4,83.4,4105.0,94.1,66.8,93.9,40.7,45.7,52.0,61.1
Telangana,TG,Bhadradri Kothagudem,62.7,68.7,41.8,20.8,99.4,99.1,75.3,89.2,59.4,92.8,70.1,62.5,87.1,3255.0,97.4,53.9,94.2,58.0,28.4,25.3,68.7
Telangana,TG,Hyderabad,80.3,83.6,63.2,10.6,99.9,99.6,84.4,99.5,48.9,87.9,69.9,72.2,91.2,2815.0,98.3,48.3,94.6,59.7,30.4,18.9,52.7
Telangana,TG,Jagitial,55.9,62.4,43.5,28.4,99.3,97.3,76.5,94.7,59.2,94.6,81.9,53.5,84.1,3494.0,94.4,39.8,91.9,68.1,29.9,32.3,56.3
Telangana,TG,Jangoan,56.6,65.5,44.0,20.3,99.3,99.4,84.3,91.1,71.7,89.7,65.4,59.4,85.6,4741.0,99.6,49.6,90.1,79.1,33.4,30.9,57.5
Telangana,TG,Jayashankar Bhupalapally,52.4,58.9,36.3,24.9,99.3,95.1,65.6,90.3,71.5,94.6,72.7,58.9,89.1,5993.0,99.5,61.3,95.1,64.3,32.5,36.7,65.9
Telangana,TG,Jogulamba Gadwal,47.8,45.0,27.4,34.6,99.8,97.0,73.7,86.1,61.8,88.3,72.9,56.6,88.3,2832.0,94.2,46.5,91.7,41.7,49.7,41.7,64.6
Telangana,TG,Kamareddy,51.1,58.6,35.6,30.8,99.5,99.4,68.2,82.3,66.5,87.5,79.5,56.1,86.8,5957.0,97.1,59.1,93.2,55.4,33.4,43.9,58.9
Telangana,TG,Karimnagar,63.6,70.3,50.8,11.9,99.7,98.3,78.8,94.9,58.6,92.3,69.6,48.8,89.5,4573.0,98.4,34.2,86.9,82.4,30.3,27.5,61.1
Telangana,TG,Khammam,61.8,66.3,40.9,35.0,99.7,98.4,84.5,97.1,60.4,84.9,76.3,66.7,93.2,3771.0,97.9,39.0,93.2,69.2,22.2,26.2,62.4
Telangana,TG,Komaram Bheem Asifabad,52.9,51.7,28.7,25.0,97.8,93.6,54.0,85.8,63.6,80.0,68.8,49.0,85.5,4121.0,82.0,55.7,83.4,27.2,38.1,41.1,67.3
Telangana,TG,Mahabubabad,55.0,58.0,34.7,28.3,99.6,98.2,68.6,86.6,69.3,87.8,67.7,52.1,91.5,3234.0,97.7,41.5,95.4,74.0,33.0,26.3,62.8
Telangana,TG,Mahabubnagar,54.8,59.6,40.4,23.4,99.4,99.6,73.7,85.9,70.3,86.2,62.6,69.1,84.9,2369.0,98.1,59.2,97.6,43.4,42.6,33.0,54.7
Telangana,TG,Mancherial,58.4,69.5,48.8,14.0,99.6,95.6,78.1,93.1,64.4,86.7,64.7,68.1,87.7,3041.0,90.1,33.9,96.9,67.9,25.9,27.4,56.7
Telangana,TG,Medak,52.3,57.7,39.3,31.8,99.4,99.9,78.2,80.1,61.2,78.9,68.5,41.8,80.8,6139.0,98.9,62.2,92.9,51.3,36.4,42.0,54.4
Telangana,TG,Medchal-Malkajgiri,72.9,79.5,59.3,10.2,100.0,99.9,86.2,99.0,53.8,89.4,69.6,60.8,90.6,3534.0,98.3,39.4,96.2,61.0,33.4,25.0,56.8
Telangana,TG,Nagarkurnool,51.1,57.1,36.0,32.1,99.9,99.6,73.2,87.3,68.6,92.4,75.1,65.9,90.3,2975.0,98.0,56.2,94.5,53.0,35.1,30.9,54.0
Telangana,TG,Nalgonda,59.8,62.6,40.9,28.2,99.9,99.2,76.4,94.6,64.8,90.5,65.7,66.8,92.2,4320.0,98.3,57.4,99.0,65.7,31.7,28.0,54.3
Telangana,TG,Nirmal,53.3,58.6,40.9,23.3,99.5,98.3,63.6,88.8,49.9,85.2,69.7,58.7,87.2,5080.0,96.7,31.3,91.6,77.3,31.7,33.4,57.7
Telangana,TG,Nizamabad,54.3,63.1,42.4,23.7,99.9,99.4,72.5,92.4,52.3,87.9,78.5,40.9,79.5,5262.0,97.3,46.4,91.8,66.7,30.5,38.4,57.0
Telangana,TG,Peddapalli,61.3,73.7,46.6,13.6,99.5,98.0,77.8,96.6,59.1,83.5,77.9,61.0,87.6,3850.0,96.5,45.8,96.2,71.6,27.5,33.1,64.6
Telangana,TG,Rajanna Sircilla,56.4,64.7,46.4,13.2,99.8,98.7,77.4,96.6,62.8,90.4,67.1,55.2,89.9,3065.0,97.6,37.7,95.4,77.2,22.4,26.1,56.0
Telangana,TG,Ranga Reddy,68.6,72.1,51.4,29.0,99.7,99.4,81.1,97.0,58.3,95.5,75.1,48.2,89.8,3499.0,97.2,48.2,92.7,57.8,37.8,29.5,53.2
Telangana,TG,Sangareddy,60.2,63.6,41.5,30.6,99.6,99.4,68.0,81.1,58.1,82.8,66.4,44.0,84.7,4718.0,93.0,63.2,95.1,43.2,32.9,35.1,48.3
Telangana,TG,Siddipet,60.8,71.0,51.3,19.0,99.5,97.2,84.1,93.2,60.9,86.1,62.6,60.6,74.1,5528.0,99.7,47.3,90.5,69.0,28.1,29.6,56.7
Telangana,TG,Suryapet,57.4,63.5,42.5,29.5,99.4,99.8,77.9,94.5,63.1,92.7,70.4,67.1,88.6,3615.0,95.9,40.5,94.2,77.0,29.1,30.1,57.5
Telangana,TG,Vikarabad,53.1,59.3,38.3,39.8,99.1,99.7,66.7,76.0,59.6,78.0,54.8,37.2,80.8,3201.0,95.0,54.9,86.7,48.0,32.1,37.1,61.0
Telangana,TG,Wanaparthy,49.3,52.1,37.0,32.6,99.2,99.4,75.9,88.9,70.1,91.4,62.8,64.3,87.6,2989.0,99.0,51.4,96.6,50.9,40.4,33.2,58.7
Telangana,TG,Warangal Rural,51.8,60.1,40.0,22.9,99.7,99.0,74.3,87.8,72.0,86.8,70.4,51.9,93.8,3713.0,100.0,63.1,94.5,71.8,36.1,37.9,59.3
Telangana,TG,Warangal Urban,70.3,76.9,57.2,22.7,99.6,99.1,81.2,94.6,62.0,88.4,71.3,63.7,92.6,2825.0,99.7,41.9,93.0,69.3,29.5,36.0,57.9
Telangana,TG,Yadadri Bhuvanagiri,59.1,68.4,48.0,21.6,99.6,99.7,81.9,94.9,65.3,92.1,67.2,60.5,93.2,3082.0,97.7,54.9,94.1,68.2,38.3,27.2,53.8
Tripura,TR,Dhalai,74.8,71.6,13.9,38.9,97.7,70.3,67.6,34.0,44.2,58.1,52.0,26.0,72.4,4010.0,87.3,84.5,87.7,10.1,45.7,27.6,70.0
Tripura,TR,Gomati,80.1,77.2,22.8,42.8,98.8,87.7,77.4,47.7,29.9,54.0,40.6,22.0,66.3,10954.0,93.2,90.0,94.1,23.6,22.7,29.0,62.3
Tripura,TR,Khowai,81.3,80.5,18.9,28.3,99.0,83.2,67.8,41.5,44.1,57.2,41.5,38.0,59.7,7328.0,95.7,90.7,95.2,27.8,47.0,24.7,63.7
Tripura,TR,North Tripura,86.4,83.1,23.7,34.2,96.2,75.6,74.1,41.6,28.7,75.5,67.1,17.3,76.6,4418.0,85.4,65.2,86.7,18.2,26.2,32.2,69.3
Tripura,TR,Sepahijala,78.9,79.6,21.7,51.9,99.0,97.4,75.4,37.1,31.6,61.9,52.8,18.8,72.1,8389.0,87.7,81.7,87.2,21.8,34.5,21.0,69.4
Tripura,TR,South Tripura,80.4,80.3,21.6,46.2,95.9,90.5,68.6,29.4,37.3,54.2,58.4,29.5,68.0,7199.0,89.7,80.9,88.6,20.4,25.5,21.6,66.5
Tripura,TR,Unakoti,81.6,76.4,18.7,38.0,96.4,78.6,61.8,29.2,28.0,41.0,24.6,31.6,44.5,7693.0,71.5,55.4,66.0,11.2,31.8,32.0,67.9
Tripura,TR,West Tripura,85.3,86.2,30.9,37.1,99.8,98.5,80.2,65.2,28.1,78.7,61.2,31.8,87.7,5556.0,95.3,79.8,96.9,47.7,30.3,21.2,67.3
West Bengal,WB,Bankura,68.7,68.3,27.9,45.7,92.3,96.3,49.2,20.8,43.4,74.7,75.7,60.5,67.2,3274.0,93.3,83.3,93.8,22.7,30.3,38.8,77.0
West Bengal,WB,Birbhum,73.6,70.8,25.8,49.9,97.8,99.4,55.0,28.1,37.7,81.9,78.4,51.5,67.5,1391.0,90.3,72.7,92.2,25.4,37.0,41.8,77.7
West Bengal,WB,Dakshin Dinajpur,77.7,74.3,30.5,45.6,96.5,99.7,79.0,28.7,28.3,70.9,76.4,76.2,83.2,2593.0,91.4,81.2,94.0,25.3,31.9,30.2,82.0
West Bengal,WB,Darjeeling,78.3,77.0,41.3,21.2,98.2,90.8,83.0,68.8,26.3,85.0,79.2,62.2,73.9,2183.0,98.4,79.5,99.2,30.5,34.3,31.6,59.2
West Bengal,WB,Haora,82.0,80.5,40.1,30.4,99.0,99.5,72.9,61.9,20.1,84.8,82.7,69.2,70.7,2166.0,95.5,60.8,96.9,42.8,27.5,27.3,65.3
West Bengal,WB,Hugli,81.0,77.4,37.0,40.8,98.4,98.1,76.2,54.6,26.5,76.0,72.2,68.1,56.7,4558.0,97.0,67.9,97.4,49.7,28.9,33.4,75.1
West Bengal,WB,Jalpaiguri,73.7,73.6,33.9,18.7,97.4,95.2,73.2,42.7,35.8,77.5,88.4,70.7,74.8,2243.0,95.8,83.2,97.7,28.7,28.9,25.4,71.4
West Bengal,WB,Koch Bihar,75.7,79.2,26.7,46.7,98.2,99.3,75.7,25.7,36.0,71.3,77.3,58.8,71.9,2499.0,93.0,81.3,92.5,23.9,28.7,22.5,74.8
West Bengal,WB,Kolkata,87.2,87.6,55.4,16.7,99.6,99.3,60.9,91.7,21.1,74.2,71.7,67.5,72.8,1969.0,97.5,69.9,99.3,44.7,29.6,32.9,58.2
West Bengal,WB,Maldah,71.3,72.3,30.0,49.1,98.1,99.0,62.0,29.6,29.0,77.8,82.8,58.8,61.6,1961.0,87.7,76.6,88.9,22.2,40.5,35.3,73.6
West Bengal,WB,Murshidabad,74.7,67.6,24.2,55.4,96.7,99.1,69.7,30.7,28.4,73.9,66.9,52.8,49.8,2662.0,87.0,71.5,92.3,29.5,39.8,32.4,77.6
West Bengal,WB,Nadia,77.6,76.2,28.3,39.9,98.2,98.2,78.4,34.2,23.0,61.1,71.2,57.9,89.4,3776.0,97.7,54.2,98.6,58.2,26.1,25.1,73.4
West Bengal,WB,North Twenty Four Parganas,82.4,85.5,40.7,33.6,99.5,99.5,80.4,58.9,30.7,72.7,89.9,73.3,87.8,2809.0,97.5,74.4,98.3,47.5,32.4,23.6,65.3
West Bengal,WB,Paschim Barddhaman,74.8,73.5,37.1,31.8,97.0,95.2,71.5,56.3,21.8,70.3,70.4,57.0,64.1,3020.0,89.8,62.7,91.3,34.3,39.7,41.0,65.8
West Bengal,WB,Paschim Medinipur,72.1,70.9,26.2,55.7,95.4,95.5,58.3,17.5,25.8,52.6,63.1,64.3,79.7,3388.0,87.6,72.0,95.1,23.1,31.1,40.0,81.5
West Bengal,WB,Purba Barddhaman,71.2,73.2,27.3,50.4,96.8,99.1,64.2,32.1,37.2,72.5,80.5,68.3,65.2,1892.0,96.0,70.3,94.3,37.9,32.7,31.6,77.9
West Bengal,WB,Purba Medinipur,83.0,77.0,30.9,57.6,99.0,87.8,69.8,17.0,21.5,69.3,56.8,51.6,48.5,4390.0,91.5,71.5,94.6,36.1,25.8,30.6,70.4
West Bengal,WB,Puruliya,63.6,61.0,26.9,37.0,88.6,87.6,29.2,23.2,35.6,59.1,57.8,53.4,51.5,2478.0,89.8,82.7,91.4,11.9,36.9,46.3,76.7
West Bengal,WB,South Twenty Four Parganas,80.9,85.6,34.9,41.9,99.2,100.0,70.1,36.2,36.7,77.1,87.5,67.2,67.0,2142.0,91.0,77.7,93.2,26.6,36.7,32.2,61.6
West Bengal,WB,Uttar Dinajpur,68.1,65.4,29.3,30.3,96.9,99.8,63.8,27.2,21.0,76.6,70.1,59.3,60.9,2706.0,76.9,58.9,84.7,22.0,44.8,32.0,72.4
